cpython,unicodedatabase.c,/home/wagner/Documents/Projetos/projetos_baixados_final_git/cpython/Modules/unicodedatabase.c
cpython,posixmodule.c,/home/wagner/Documents/Projetos/projetos_baixados_final_git/cpython/Modules/posixmodule.c
cpython,traceback.c,/home/wagner/Documents/Projetos/projetos_baixados_final_git/cpython/Python/traceback.c
cpython,signalmodule.c,/home/wagner/Documents/Projetos/projetos_baixados_final_git/cpython/Modules/signalmodule.c
cpython,sysmodule.c,/home/wagner/Documents/Projetos/projetos_baixados_final_git/cpython/Python/sysmodule.c
cpython,dbmmodule.c,/home/wagner/Documents/Projetos/projetos_baixados_final_git/cpython/Modules/dbmmodule.c
cpython,thread.c,/home/wagner/Documents/Projetos/projetos_baixados_final_git/cpython/Python/thread.c
cpython,timemodule.c,/home/wagner/Documents/Projetos/projetos_baixados_final_git/cpython/Modules/timemodule.c
cpython,readline.c,/home/wagner/Documents/Projetos/projetos_baixados_final_git/cpython/Modules/readline.c
cpython,socketmodule.c,/home/wagner/Documents/Projetos/projetos_baixados_final_git/cpython/Modules/socketmodule.c
cpython,resource.c,/home/wagner/Documents/Projetos/projetos_baixados_final_git/cpython/Modules/resource.c
cpython,termios.c,/home/wagner/Documents/Projetos/projetos_baixados_final_git/cpython/Modules/termios.c
cpython,selectmodule.c,/home/wagner/Documents/Projetos/projetos_baixados_final_git/cpython/Modules/selectmodule.c
cpython,ceval.c,/home/wagner/Documents/Projetos/projetos_baixados_final_git/cpython/Python/ceval.c
cpython,spwdmodule.c,/home/wagner/Documents/Projetos/projetos_baixados_final_git/cpython/Modules/spwdmodule.c
cpython,fileobject.c,/home/wagner/Documents/Projetos/projetos_baixados_final_git/cpython/Objects/fileobject.c
cpython,unicodeobject.c,/home/wagner/Documents/Projetos/projetos_baixados_final_git/cpython/Objects/unicodeobject.c
cpython,getbuildinfo.c,/home/wagner/Documents/Projetos/projetos_baixados_final_git/cpython/Modules/getbuildinfo.c
cpython,zlibmodule.c,/home/wagner/Documents/Projetos/projetos_baixados_final_git/cpython/Modules/zlibmodule.c
cpython,_cursesmodule.c,/home/wagner/Documents/Projetos/projetos_baixados_final_git/cpython/Modules/_cursesmodule.c
cpython,_testcapimodule.c,/home/wagner/Documents/Projetos/projetos_baixados_final_git/cpython/Modules/_testcapimodule.c
cpython,_struct.c,/home/wagner/Documents/Projetos/projetos_baixados_final_git/cpython/Modules/_struct.c
cpython,Python-ast.c,/home/wagner/Documents/Projetos/projetos_baixados_final_git/cpython/Python/Python-ast.c
cpython,structmember.c,/home/wagner/Documents/Projetos/projetos_baixados_final_git/cpython/Python/structmember.c
cpython,errors.c,/home/wagner/Documents/Projetos/projetos_baixados_final_git/cpython/Python/errors.c
cpython,marshal.c,/home/wagner/Documents/Projetos/projetos_baixados_final_git/cpython/Python/marshal.c
cpython,getargs.c,/home/wagner/Documents/Projetos/projetos_baixados_final_git/cpython/Python/getargs.c
cpython,xxmodule.c,/home/wagner/Documents/Projetos/projetos_baixados_final_git/cpython/Modules/xxmodule.c
cpython,listobject.c,/home/wagner/Documents/Projetos/projetos_baixados_final_git/cpython/Objects/listobject.c
cpython,pystrcmp.c,/home/wagner/Documents/Projetos/projetos_baixados_final_git/cpython/Python/pystrcmp.c
cpython,future.c,/home/wagner/Documents/Projetos/projetos_baixados_final_git/cpython/Python/future.c
cpython,parsetok.c,/home/wagner/Documents/Projetos/projetos_baixados_final_git/cpython/Parser/parsetok.c
cpython,x86-ffi_darwin.c,/home/wagner/Documents/Projetos/projetos_baixados_final_git/cpython/Modules/_ctypes/libffi_osx/x86/x86-ffi_darwin.c
cpython,itertoolsmodule.c,/home/wagner/Documents/Projetos/projetos_baixados_final_git/cpython/Modules/itertoolsmodule.c
cpython,_localemodule.c,/home/wagner/Documents/Projetos/projetos_baixados_final_git/cpython/Modules/_localemodule.c
cpython,pystrtod.c,/home/wagner/Documents/Projetos/projetos_baixados_final_git/cpython/Python/pystrtod.c
cpython,floatobject.c,/home/wagner/Documents/Projetos/projetos_baixados_final_git/cpython/Objects/floatobject.c
cpython,mystrtoul.c,/home/wagner/Documents/Projetos/projetos_baixados_final_git/cpython/Python/mystrtoul.c
cpython,pymath.c,/home/wagner/Documents/Projetos/projetos_baixados_final_git/cpython/Python/pymath.c
cpython,malloc_closure.c,/home/wagner/Documents/Projetos/projetos_baixados_final_git/cpython/Modules/_ctypes/malloc_closure.c
cpython,pythonrun.c,/home/wagner/Documents/Projetos/projetos_baixados_final_git/cpython/Python/pythonrun.c
cpython,frozenmain.c,/home/wagner/Documents/Projetos/projetos_baixados_final_git/cpython/Python/frozenmain.c
cpython,getcopyright.c,/home/wagner/Documents/Projetos/projetos_baixados_final_git/cpython/Python/getcopyright.c
cpython,semaphore.c,/home/wagner/Documents/Projetos/projetos_baixados_final_git/cpython/Modules/_multiprocessing/semaphore.c
cpython,genobject.c,/home/wagner/Documents/Projetos/projetos_baixados_final_git/cpython/Objects/genobject.c
cpython,funcobject.c,/home/wagner/Documents/Projetos/projetos_baixados_final_git/cpython/Objects/funcobject.c
cpython,obmalloc.c,/home/wagner/Documents/Projetos/projetos_baixados_final_git/cpython/Objects/obmalloc.c
cpython,tokenizer.c,/home/wagner/Documents/Projetos/projetos_baixados_final_git/cpython/Parser/tokenizer.c
cpython,pythonw.c,/home/wagner/Documents/Projetos/projetos_baixados_final_git/cpython/Mac/Tools/pythonw.c
cpython,random.c,/home/wagner/Documents/Projetos/projetos_baixados_final_git/cpython/Python/random.c
cpython,_ssl.c,/home/wagner/Documents/Projetos/projetos_baixados_final_git/cpython/Modules/_ssl.c
cpython,pwdmodule.c,/home/wagner/Documents/Projetos/projetos_baixados_final_git/cpython/Modules/pwdmodule.c
cpython,pystate.c,/home/wagner/Documents/Projetos/projetos_baixados_final_git/cpython/Python/pystate.c
cpython,dtoa.c,/home/wagner/Documents/Projetos/projetos_baixados_final_git/cpython/Python/dtoa.c
cpython,memoryobject.c,/home/wagner/Documents/Projetos/projetos_baixados_final_git/cpython/Objects/memoryobject.c
cpython,modsupport.c,/home/wagner/Documents/Projetos/projetos_baixados_final_git/cpython/Python/modsupport.c
cpython,_uuidmodule.c,/home/wagner/Documents/Projetos/projetos_baixados_final_git/cpython/Modules/_uuidmodule.c
cpython,pyfpe.c,/home/wagner/Documents/Projetos/projetos_baixados_final_git/cpython/Python/pyfpe.c
cpython,h2py.py,/home/wagner/Documents/Projetos/projetos_baixados_final_git/cpython/Tools/scripts/h2py.py
cpython,test_time.py,/home/wagner/Documents/Projetos/projetos_baixados_final_git/cpython/Lib/test/test_time.py
cpython,sysconfig.py,/home/wagner/Documents/Projetos/projetos_baixados_final_git/cpython/Lib/sysconfig.py
cpython,test_tempfile.py,/home/wagner/Documents/Projetos/projetos_baixados_final_git/cpython/Lib/test/test_tempfile.py
cpython,gencodec.py,/home/wagner/Documents/Projetos/projetos_baixados_final_git/cpython/Tools/unicode/gencodec.py
cpython,idlemain.py,/home/wagner/Documents/Projetos/projetos_baixados_final_git/cpython/Mac/IDLE/IDLE.app/Contents/Resources/idlemain.py
cpython,pysource.py,/home/wagner/Documents/Projetos/projetos_baixados_final_git/cpython/Tools/scripts/pysource.py
cpython,setup.py,/home/wagner/Documents/Projetos/projetos_baixados_final_git/cpython/setup.py
cpython,systimes.py,/home/wagner/Documents/Projetos/projetos_baixados_final_git/cpython/Tools/pybench/systimes.py
cpython,unixccompiler.py,/home/wagner/Documents/Projetos/projetos_baixados_final_git/cpython/Lib/distutils/unixccompiler.py
cpython,generate_opcode_h.py,/home/wagner/Documents/Projetos/projetos_baixados_final_git/cpython/Tools/scripts/generate_opcode_h.py
cpython,typeslots.py,/home/wagner/Documents/Projetos/projetos_baixados_final_git/cpython/Objects/typeslots.py
cpython,make_zip.py,/home/wagner/Documents/Projetos/projetos_baixados_final_git/cpython/Tools/msi/make_zip.py
cpython,topics.py,/home/wagner/Documents/Projetos/projetos_baixados_final_git/cpython/Lib/pydoc_data/topics.py
akka,DescriptorProtos.java,/home/wagner/Documents/Projetos/projetos_baixados_final_git/akka/akka-protobuf/src/main/java/akka/protobuf/DescriptorProtos.java
akka,ReplicatorMessages.java,/home/wagner/Documents/Projetos/projetos_baixados_final_git/akka/akka-distributed-data/src/main/java/akka/cluster/ddata/protobuf/msg/ReplicatorMessages.java
akka,ReplicatedDataMessages.java,/home/wagner/Documents/Projetos/projetos_baixados_final_git/akka/akka-distributed-data/src/main/java/akka/cluster/ddata/protobuf/msg/ReplicatedDataMessages.java
akka,ClusterMessages.java,/home/wagner/Documents/Projetos/projetos_baixados_final_git/akka/akka-cluster/src/main/java/akka/cluster/protobuf/msg/ClusterMessages.java
angular,index.js,/home/wagner/Documents/Projetos/projetos_baixados_final_git/angular/packages/benchpress/index.js
angular,fake_async_spec.ts,/home/wagner/Documents/Projetos/projetos_baixados_final_git/angular/packages/core/test/fake_async_spec.ts
angular,integration_spec.ts,/home/wagner/Documents/Projetos/projetos_baixados_final_git/angular/packages/core/test/linker/integration_spec.ts
angular,index.js,/home/wagner/Documents/Projetos/projetos_baixados_final_git/angular/tools/source-map-test/index.js
angular,decorators_spec.ts,/home/wagner/Documents/Projetos/projetos_baixados_final_git/angular/packages/core/test/util/decorators_spec.ts
angular,TodoStore.ts,/home/wagner/Documents/Projetos/projetos_baixados_final_git/angular/modules/playground/src/todo/app/TodoStore.ts
angular,async.ts,/home/wagner/Documents/Projetos/projetos_baixados_final_git/angular/packages/core/testing/src/async.ts
angular,conf.ts,/home/wagner/Documents/Projetos/projetos_baixados_final_git/angular/packages/benchpress/test/firefox_extension/conf.ts
angular,interfaces.ts,/home/wagner/Documents/Projetos/projetos_baixados_final_git/angular/packages/http/src/interfaces.ts
angular,service_message_broker.ts,/home/wagner/Documents/Projetos/projetos_baixados_final_git/angular/packages/platform-webworker/src/web_workers/shared/service_message_broker.ts
angular,web_driver_extension.ts,/home/wagner/Documents/Projetos/projetos_baixados_final_git/angular/packages/benchpress/src/web_driver_extension.ts
angular,todo_spec.ts,/home/wagner/Documents/Projetos/projetos_baixados_final_git/angular/modules/playground/e2e_test/web_workers/todo/todo_spec.ts
angular,ng_zone.ts,/home/wagner/Documents/Projetos/projetos_baixados_final_git/angular/packages/core/src/zone/ng_zone.ts
angular,upgrade_ng1_adapter.ts,/home/wagner/Documents/Projetos/projetos_baixados_final_git/angular/packages/upgrade/src/dynamic/src/upgrade_ng1_adapter.ts
angular,http_comp.ts,/home/wagner/Documents/Projetos/projetos_baixados_final_git/angular/modules/playground/src/http/app/http_comp.ts
angular,sourcemap_spec.ts,/home/wagner/Documents/Projetos/projetos_baixados_final_git/angular/modules/playground/e2e_test/sourcemap/sourcemap_spec.ts
angular,router.ts,/home/wagner/Documents/Projetos/projetos_baixados_final_git/angular/packages/router/src/router.ts
angular.js,datetimeSymbolsExt.js,/home/wagner/Documents/Projetos/projetos_baixados_final_git/angular.js/i18n/closure/datetimeSymbolsExt.js
angular.js,utils.js,/home/wagner/Documents/Projetos/projetos_baixados_final_git/angular.js/lib/grunt/utils.js
angular.js,closureI18nExtractor.js,/home/wagner/Documents/Projetos/projetos_baixados_final_git/angular.js/i18n/src/closureI18nExtractor.js
angular.js,errorsSpec.js,/home/wagner/Documents/Projetos/projetos_baixados_final_git/angular.js/docs/app/test/errorsSpec.js
angular.js,gulpfile.js,/home/wagner/Documents/Projetos/projetos_baixados_final_git/angular.js/docs/gulpfile.js
angular.js,version-info.js,/home/wagner/Documents/Projetos/projetos_baixados_final_git/angular.js/lib/versions/version-info.js
brackets,brackets-concat.js,/home/wagner/Documents/Projetos/projetos_baixados_final_git/brackets/test/perf/OpenFile-perf-files/brackets-concat.js
caddy,compute-gen.go,/home/wagner/Documents/Projetos/projetos_baixados_final_git/caddy/vendor/google.golang.org/api/compute/v1/compute-gen.go
consul,api.go,/home/wagner/Documents/Projetos/projetos_baixados_final_git/consul/api/api.go
consul,compute-gen.go,/home/wagner/Documents/Projetos/projetos_baixados_final_git/consul/vendor/google.golang.org/api/compute/v1/compute-gen.go
coreclr,AboveStackLimit.cs,/home/wagner/Documents/Projetos/projetos_baixados_final_git/coreclr/tests/src/Regressions/common/AboveStackLimit.cs
coreclr,hugeexpr1.cs,/home/wagner/Documents/Projetos/projetos_baixados_final_git/coreclr/tests/src/JIT/jit64/opt/cse/hugeexpr1.cs
coreclr,HugeArray1.cs,/home/wagner/Documents/Projetos/projetos_baixados_final_git/coreclr/tests/src/JIT/jit64/opt/cse/HugeArray1.cs
coreclr,Bool_Or_Op.cs,home/wagner/Documents/Projetos/projetos_baixados_final_git/coreclr/tests/src/JIT/Directed/cmov/Bool_Or_Op.cs
coreclr,Bool_Xor_Op.cs,home/wagner/Documents/Projetos/projetos_baixados_final_git/coreclr/tests/src/JIT/Directed/cmov/Bool_Xor_Op.cs
coreclr,Double_And_Op.cs,/home/wagner/Documents/Projetos/projetos_baixados_final_git/coreclr/tests/src/JIT/Directed/cmov/Double_And_Op.cs
coreclr,Float_Or_Op.cs,/home/wagner/Documents/Projetos/projetos_baixados_final_git/coreclr/tests/src/JIT/Directed/cmov/Float_Or_Op.cs
coreclr,Double_Xor_Op.cs,/home/wagner/Documents/Projetos/projetos_baixados_final_git/coreclr/tests/src/JIT/Directed/cmov/Double_Xor_Op.cs
coreclr,Float_Xor_Op.cs,/home/wagner/Documents/Projetos/projetos_baixados_final_git/coreclr/tests/src/JIT/Directed/cmov/Float_Xor_Op.cs
coreclr,Int_And_Op.cs,/home/wagner/Documents/Projetos/projetos_baixados_final_git/coreclr/tests/src/JIT/Directed/cmov/Int_And_Op.cs
coreclr,Int_Or_Op.cs,/home/wagner/Documents/Projetos/projetos_baixados_final_git/coreclr/tests/src/JIT/Directed/cmov/Int_Or_Op.cs
coreclr,Double_Or_Op.cs,/home/wagner/Documents/Projetos/projetos_baixados_final_git/coreclr/tests/src/JIT/Directed/cmov/Double_Or_Op.cs
coreclr,Float_And_Op.cs,/home/wagner/Documents/Projetos/projetos_baixados_final_git/coreclr/tests/src/JIT/Directed/cmov/Float_And_Op.cs
coreclr,Bool_And_Op.cs,/home/wagner/Documents/Projetos/projetos_baixados_final_git/coreclr/tests/src/JIT/Directed/cmov/Bool_And_Op.cs
coreclr,Int_Xor_Op.cs,/home/wagner/Documents/Projetos/projetos_baixados_final_git/coreclr/tests/src/JIT/Directed/cmov/Int_Xor_Op.cs
coreclr,MT_DEATH.cs,/home/wagner/Documents/Projetos/projetos_baixados_final_git/coreclr/tests/src/JIT/Regression/VS-ia64-JIT/V1.2-M01/b10827/MT_DEATH.cs
coreclr,CgStress1.cs,/home/wagner/Documents/Projetos/projetos_baixados_final_git/coreclr/tests/src/JIT/jit64/opt/cg/cgstress/CgStress1.cs
coreclr,vars2.cs,/home/wagner/Documents/Projetos/projetos_baixados_final_git/coreclr/tests/src/JIT/Regression/CLR-x86-JIT/V2.0-Beta2/b268908/vars2.cs
coreclr,abovestacklimit.cs,/home/wagner/Documents/Projetos/projetos_baixados_final_git/coreclr/tests/src/Regressions/coreclr/0099/abovestacklimit.cs
coreclr,Repro.cs,/home/wagner/Documents/Projetos/projetos_baixados_final_git/coreclr/tests/src/baseservices/threading/regressions/6906/Repro.cs
coreclr,bigvtbl.cs,/home/wagner/Documents/Projetos/projetos_baixados_final_git/coreclr/tests/src/JIT/opt/virtualstubdispatch/bigvtbl/bigvtbl.cs
coreclr,10w5d.cs,/home/wagner/Documents/Projetos/projetos_baixados_final_git/coreclr/tests/src/JIT/Methodical/fp/exgen/10w5d.cs
coreclr,isinstgenerics.cs,/home/wagner/Documents/Projetos/projetos_baixados_final_git/coreclr/tests/src/JIT/Directed/nullabletypes/isinstgenerics.cs
coreclr,isinstboxed.cs,/home/wagner/Documents/Projetos/projetos_baixados_final_git/coreclr/tests/src/JIT/Directed/nullabletypes/isinstboxed.cs
coreclr,isinst2.cs,/home/wagner/Documents/Projetos/projetos_baixados_final_git/coreclr/tests/src/JIT/Directed/nullabletypes/isinst2.cs
coreclr,isinst.cs,/home/wagner/Documents/Projetos/projetos_baixados_final_git/coreclr/tests/src/JIT/Directed/nullabletypes/isinst.cs
coreclr,isinstvaluetype.cs,/home/wagner/Documents/Projetos/projetos_baixados_final_git/coreclr/tests/src/JIT/Directed/nullabletypes/isinstvaluetype.cs
coreclr,DevDiv_255294.cs,/home/wagner/Documents/Projetos/projetos_baixados_final_git/coreclr/tests/src/JIT/Regression/JitBlue/DevDiv_255294/DevDiv_255294.cs
corefx,PathAxeCombinationsTests.cs,/home/wagner/Documents/Projetos/projetos_baixados_final_git/corefx/src/Common/tests/System/Xml/XPath/FuncLocation/PathAxeCombinationsTests.cs
corefx,PathAxesTests.cs,/home/wagner/Documents/Projetos/projetos_baixados_final_git/corefx/src/Common/tests/System/Xml/XPath/FuncLocation/PathAxesTests.cs
corefx,PathAxeComplexExprTests.cs,/home/wagner/Documents/Projetos/projetos_baixados_final_git/corefx/src/Common/tests/System/Xml/XPath/FuncLocation/PathAxeComplexExprTests.cs
corefx,HugeGraphScenario.cs,/home/wagner/Documents/Projetos/projetos_baixados_final_git/corefx/src/System.Composition/perftests/HugeGraphScenario.cs
corefx,HugeGraph4Scenario.cs,/home/wagner/Documents/Projetos/projetos_baixados_final_git/corefx/src/System.Composition/perftests/HugeGraph4Scenario.cs
corefx,NormalizationAll.cs,/home/wagner/Documents/Projetos/projetos_baixados_final_git/corefx/src/System.Globalization.Extensions/tests/Normalization/NormalizationAll.cs
corefx,ConvertTests.cs,/home/wagner/Documents/Projetos/projetos_baixados_final_git/corefx/src/System.Linq.Expressions/tests/Convert/ConvertTests.cs
corefx,ConvertCheckedTests.cs,/home/wagner/Documents/Projetos/projetos_baixados_final_git/corefx/src/System.Linq.Expressions/tests/Convert/ConvertCheckedTests.cs
coreclr,gc.cpp,/home/wagner/Documents/Projetos/projetos_baixados_final_git/coreclr/src/gc/gc.cpp
coreclr,flowgraph.cpp,/home/wagner/Documents/Projetos/projetos_baixados_final_git/coreclr/src/jit/flowgraph.cpp
coreclr,codegenlegacy.cpp,/home/wagner/Documents/Projetos/projetos_baixados_final_git/coreclr/src/jit/codegenlegacy.cpp
cphalcon,phalcon.c,/home/wagner/Documents/Projetos/projetos_baixados_final_git/cphalcon/ext/phalcon.c
emscripten,sqlite3.c,/home/wagner/Documents/Projetos/projetos_baixados_final_git/emscripten/tests/sqlite/sqlite3.c
emscripten,runner.py,/home/wagner/Documents/Projetos/projetos_baixados_final_git/emscripten/tests/runner.py
etcd,tables.go,/home/wagner/Documents/Projetos/projetos_baixados_final_git/etcd/vendor/golang.org/x/net/http2/hpack/tables.go
eve,eve.js,/home/wagner/Documents/Projetos/projetos_baixados_final_git/eve/bin/eve.js
FFmpeg,metasound_data.c,/home/wagner/Documents/Projetos/projetos_baixados_final_git/FFmpeg/libavcodec/metasound_data.c
ex_admin,test.js,/home/wagner/Documents/Projetos/projetos_baixados_final_git/ex_admin/node_modules/babel-brunch/node_modules/babel-core/node_modules/source-map-support/test.js
ex_admin,browser.js,/home/wagner/Documents/Projetos/projetos_baixados_final_git/ex_admin/node_modules/babel-brunch/node_modules/babel-core/browser.js
foundation-sites,customizer.js,/home/wagner/Documents/Projetos/projetos_baixados_final_git/foundation-sites/gulp/tasks/customizer.js
Faker,Text.php,/home/wagner/Documents/Projetos/projetos_baixados_final_git/Faker/src/Faker/Provider/el_GR/Text.php
gogs,sqlite3-binding.c,/home/wagner/Documents/Projetos/projetos_baixados_final_git/gogs/vendor/github.com/mattn/go-sqlite3/sqlite3-binding.c
go,bug257.go,/home/wagner/Documents/Projetos/projetos_baixados_final_git/go/test/fixedbugs/bug257.go
go,tables.go,/home/wagner/Documents/Projetos/projetos_baixados_final_git/go/src/unicode/tables.go
go,cover.go,/home/wagner/Documents/Projetos/projetos_baixados_final_git/go/src/cmd/cover/cover.go
go,rewriteAMD64.go,/home/wagner/Documents/Projetos/projetos_baixados_final_git/go/src/cmd/compile/internal/ssa/rewriteAMD64.go
go,constFold_test.go,/home/wagner/Documents/Projetos/projetos_baixados_final_git/go/src/cmd/compile/internal/gc/constFold_test.go
go,opGen.go,/home/wagner/Documents/Projetos/projetos_baixados_final_git/go/src/cmd/compile/internal/ssa/opGen.go
go,rewriteARM.go,/home/wagner/Documents/Projetos/projetos_baixados_final_git/go/src/cmd/compile/internal/ssa/rewriteARM.go
go,rewriteARM64.go,/home/wagner/Documents/Projetos/projetos_baixados_final_git/go/src/cmd/compile/internal/ssa/rewriteARM64.go
go,rewriteS390X.go,/home/wagner/Documents/Projetos/projetos_baixados_final_git/go/src/cmd/compile/internal/ssa/rewriteS390X.go
go,rewrite386.go,/home/wagner/Documents/Projetos/projetos_baixados_final_git/go/src/cmd/compile/internal/ssa/rewrite386.go
go,rewritegeneric.go,/home/wagner/Documents/Projetos/projetos_baixados_final_git/go/src/cmd/compile/internal/ssa/rewritegeneric.go
go,rewritePPC64.go,/home/wagner/Documents/Projetos/projetos_baixados_final_git/go/src/cmd/compile/internal/ssa/rewritePPC64.go
gogs,tables.go,/home/wagner/Documents/Projetos/projetos_baixados_final_git/gogs/vendor/golang.org/x/text/encoding/traditionalchinese/tables.go
gogs,cp936.go,/home/wagner/Documents/Projetos/projetos_baixados_final_git/gogs/vendor/github.com/denisenkom/go-mssqldb/cp936.go
gogs,cp950.go,/home/wagner/Documents/Projetos/projetos_baixados_final_git/gogs/vendor/github.com/denisenkom/go-mssqldb/cp950.go
gogs,cp949.go,/home/wagner/Documents/Projetos/projetos_baixados_final_git/gogs/vendor/github.com/denisenkom/go-mssqldb/cp949.go
gitlabhq,mock_data.js,/home/wagner/Documents/Projetos/projetos_baixados_final_git/gitlabhq/spec/javascripts/monitoring/mock_data.js
google-api-nodejs-client,alpha.ts,/home/wagner/Documents/Projetos/projetos_baixados_final_git/google-api-nodejs-client/src/apis/compute/alpha.ts
google-api-nodejs-client,beta.ts,/home/wagner/Documents/Projetos/projetos_baixados_final_git/google-api-nodejs-client/src/apis/compute/beta.ts
google-api-nodejs-client,v1.ts,/home/wagner/Documents/Projetos/projetos_baixados_final_git/google-api-nodejs-client/src/apis/compute/v1.ts
kubernetes,compute-gen.go,/home/wagner/Documents/Projetos/projetos_baixados_final_git/kubernetes/vendor/google.golang.org/api/compute/v0.alpha/compute-gen.go
kubernetes,types.go,/home/wagner/Documents/Projetos/projetos_baixados_final_git/kubernetes/pkg/apis/core/types.go
kubernetes,BUILD.go,/home/wagner/Documents/Projetos/projetos_baixados_final_git/kubernetes/vendor/github.com/aws/aws-sdk-go/private/protocol/xml/xmlutil/BUILD.go
kubernetes,api.go,/home/wagner/Documents/Projetos/projetos_baixados_final_git/kubernetes/vendor/github.com/aws/aws-sdk-go/service/autoscaling/api.go
kubernetes,bindata.go,/home/wagner/Documents/Projetos/projetos_baixados_final_git/kubernetes/staging/src/k8s.io/kubectl/pkg/generated/bindata.go
kubernetes,words.go,/home/wagner/Documents/Projetos/projetos_baixados_final_git/kubernetes/vendor/github.com/client9/misspell/words.go
lantern,table_test.go,/home/wagner/Documents/Projetos/projetos_baixados_final_git/lantern/archive/src/golang.org/x/net/publicsuffix/table_test.go
lantern,masquerades.go,/home/wagner/Documents/Projetos/projetos_baixados_final_git/lantern/src/github.com/getlantern/flashlight/config/generated/masquerades.go
lantern,geolookup_test.go,/home/wagner/Documents/Projetos/projetos_baixados_final_git/lantern/src/github.com/getlantern/geolookup/geolookup_test.go
lantern,util_test.go,/home/wagner/Documents/Projetos/projetos_baixados_final_git/lantern/src/github.com/miekg/dns/dnsutil/util_test.go
lantern,default_masquerades.go,/home/wagner/Documents/Projetos/projetos_baixados_final_git/lantern/src/github.com/getlantern/fronted/default_masquerades.go
influxdb,run.go,/home/wagner/Documents/Projetos/projetos_baixados_final_git/influxdb/stress/run.go
influxdb,influx.go,/home/wagner/Documents/Projetos/projetos_baixados_final_git/influxdb/chronograf/influx/influx.go
lantern,angular-scenario.js,/home/wagner/Documents/Projetos/projetos_baixados_final_git/lantern/lantern-ui/app/bower_components/angular-scenario/angular-scenario.js
jieba,prob_emit.py,/home/wagner/Documents/Projetos/projetos_baixados_final_git/jieba/jieba/posseg/prob_emit.py
jieba,char_state_tab.py,/home/wagner/Documents/Projetos/projetos_baixados_final_git/jieba/jieba/posseg/char_state_tab.py
libgdx,dynamics_wrap.cpp,/home/wagner/Documents/Projetos/projetos_baixados_final_git/libgdx/extensions/gdx-bullet/jni/swig-src/dynamics/dynamics_wrap.cpp
libgdx,collision_wrap.cpp,/home/wagner/Documents/Projetos/projetos_baixados_final_git/libgdx/extensions/gdx-bullet/jni/swig-src/collision/collision_wrap.cpp
libgdx,softbody_wrap.cpp,/home/wagner/Documents/Projetos/projetos_baixados_final_git/libgdx/extensions/gdx-bullet/jni/swig-src/softbody/softbody_wrap.cpp
libgdx,linearmath_wrap.cpp,/home/wagner/Documents/Projetos/projetos_baixados_final_git/libgdx/extensions/gdx-bullet/jni/swig-src/linearmath/linearmath_wrap.cpp
libgdx,extras_wrap.cpp,/home/wagner/Documents/Projetos/projetos_baixados_final_git/libgdx/extensions/gdx-bullet/jni/swig-src/extras/extras_wrap.cpp
LightTable,cljsDeps.js,/home/wagner/Documents/Projetos/projetos_baixados_final_git/LightTable/deploy/core/node_modules/clojurescript/cljsDeps.js
marathon,api-console-vendor.js,/home/wagner/Documents/Projetos/projetos_baixados_final_git/marathon/docs/api-console/scripts/api-console-vendor.js
material-ui,app.js,/home/wagner/Documents/Projetos/projetos_baixados_final_git/material-ui/examples/ssr/app.js
matomo,tcpdf.php,/home/wagner/Documents/Projetos/projetos_baixados_final_git/matomo/core/tcpdf.php
meteor,minisat.js,/home/wagner/Documents/Projetos/projetos_baixados_final_git/meteor/packages/logic-solver/minisat.js
meteor,stack-overflow-bug-test-data.js,/home/wagner/Documents/Projetos/projetos_baixados_final_git/meteor/packages/constraint-solver/stack-overflow-bug-test-data.js
moment,test.js,/home/wagner/Documents/Projetos/projetos_baixados_final_git/moment/min/test.js
mongo,bid_binarydecimal.c,/home/wagner/Documents/Projetos/projetos_baixados_final_git/mongo/src/third_party/IntelRDFPMathLib20U1/LIBRARY/src/bid_binarydecimal.c
mongo,parse_date.c,/home/wagner/Documents/Projetos/projetos_baixados_final_git/mongo/src/third_party/timelib-2018.01/parse_date.c
mongo,sqlite3.c,/home/wagner/Documents/Projetos/projetos_baixados_final_git/mongo/src/third_party/sqlite-amalgamation-3260000/sqlite/sqlite3.c
mongo,valid_mac_prefixes.go,/home/wagner/Documents/Projetos/projetos_baixados_final_git/mongo/src/mongo/gotools/src/github.com/mongodb/mongo-tools/vendor/github.com/google/gopacket/macs/valid_mac_prefixes.go
mongo,tables.go,/home/wagner/Documents/Projetos/projetos_baixados_final_git/mongo/src/mongo/gotools/src/github.com/mongodb/mongo-tools/vendor/golang.org/x/text/encoding/simplifiedchinese/tables.go
NativeScript,index.ts,/home/wagner/Documents/Projetos/projetos_baixados_final_git/NativeScript/nativescript-core/index.ts
NativeScript,app.ts,/home/wagner/Documents/Projetos/projetos_baixados_final_git/NativeScript/tests/app/app.ts
NativeScript,web-view-tests.ts,/home/wagner/Documents/Projetos/projetos_baixados_final_git/NativeScript/tests/app/ui/web-view/web-view-tests.ts
node,lua_binarytrees.js,/home/wagner/Documents/Projetos/projetos_baixados_final_git/node/deps/v8/test/mjsunit/asm/embenchen/lua_binarytrees.js
node,zlib.js,/home/wagner/Documents/Projetos/projetos_baixados_final_git/node/deps/v8/test/mjsunit/asm/embenchen/zlib.js
node,box2d.js,/home/wagner/Documents/Projetos/projetos_baixados_final_git/node/deps/v8/test/mjsunit/asm/embenchen/box2d.js
nw.js,panel.js,/home/wagner/Documents/Projetos/projetos_baixados_final_git/nw.js/test/sanity/react-devtools-extension/react-devtools/build/panel.js
october,ace.js,/home/wagner/Documents/Projetos/projetos_baixados_final_git/october/modules/backend/formwidgets/codeeditor/assets/vendor/ace/ace.js
php-src,parse_date.c,/home/wagner/Documents/Projetos/projetos_baixados_final_git/php-src/ext/date/lib/parse_date.c
php-src,sqlite3.c,/home/wagner/Documents/Projetos/projetos_baixados_final_git/php-src/ext/sqlite3/libsqlite/sqlite3.c
php-src,data_file.c,/home/wagner/Documents/Projetos/projetos_baixados_final_git/php-src/ext/fileinfo/data_file.c
php-src,magic.c,/home/wagner/Documents/Projetos/projetos_baixados_final_git/php-src/ext/fileinfo/libmagic/magic.c
php-src,unicode_property_data.c,/home/wagner/Documents/Projetos/projetos_baixados_final_git/php-src/ext/mbstring/oniguruma/src/unicode_property_data.c
prometheus,compute-gen.go,/home/wagner/Documents/Projetos/projetos_baixados_final_git/prometheus/vendor/google.golang.org/api/compute/v1/compute-gen.go
prometheus,api.go,/home/wagner/Documents/Projetos/projetos_baixados_final_git/prometheus/vendor/github.com/aws/aws-sdk-go/service/ec2/api.go
protobuf,Unittest.cs,/home/wagner/Documents/Projetos/projetos_baixados_final_git/protobuf/csharp/src/Google.Protobuf.Test.TestProtos/Unittest.cs
roslyn,SemanticErrorTests.cs,/home/wagner/Documents/Projetos/projetos_baixados_final_git/roslyn/src/Compilers/CSharp/Test/Semantic/Semantics/SemanticErrorTests.cs
roslyn,T_1247520.cs,/home/wagner/Documents/Projetos/projetos_baixados_final_git/roslyn/src/Compilers/VisualBasic/Test/Semantic/Binding/T_1247520.cs
roslyn,CodeGenDynamicTests.cs,/home/wagner/Documents/Projetos/projetos_baixados_final_git/roslyn/src/Compilers/CSharp/Test/Emit/CodeGen/CodeGenDynamicTests.cs
roslyn,SymbolErrorTests.cs,/home/wagner/Documents/Projetos/projetos_baixados_final_git/roslyn/src/Compilers/CSharp/Test/Symbol/Symbols/SymbolErrorTests.cs
roslyn,SemanticModelGetSemanticInfoTests.cs,/home/wagner/Documents/Projetos/projetos_baixados_final_git/roslyn/src/Compilers/CSharp/Test/Symbol/Compilation/SemanticModelGetSemanticInfoTests.cs
roslyn,CodeGenTests.cs,/home/wagner/Documents/Projetos/projetos_baixados_final_git/roslyn/src/Compilers/CSharp/Test/Emit/CodeGen/CodeGenTests.cs
roslyn,CodeGenTupleTest.cs,/home/wagner/Documents/Projetos/projetos_baixados_final_git/roslyn/src/Compilers/CSharp/Test/Emit/CodeGen/CodeGenTupleTest.cs
roslyn,OutVarTests.cs,/home/wagner/Documents/Projetos/projetos_baixados_final_git/roslyn/src/Compilers/CSharp/Test/Semantic/Semantics/OutVarTests.cs
roslyn,CSharpRegexParserTests.cs,/home/wagner/Documents/Projetos/projetos_baixados_final_git/roslyn/src/Workspaces/CSharpTest/EmbeddedLanguages/RegularExpressions/CSharpRegexParserTests.cs
roslyn,CSharpRegexParserTests_BasicTests.cs,/home/wagner/Documents/Projetos/projetos_baixados_final_git/roslyn/src/Workspaces/CSharpTest/EmbeddedLanguages/RegularExpressions/CSharpRegexParserTests_BasicTests.cs
ruby,utf8tbl.c,/home/wagner/Documents/Projetos/projetos_baixados_final_git/ruby/ext/nkf/nkf-utf8/utf8tbl.c
ruby,gbk-tbl.rb,/home/wagner/Documents/Projetos/projetos_baixados_final_git/ruby/enc/trans/gbk-tbl.rb
ruby,gb18030-tbl.rb,/home/wagner/Documents/Projetos/projetos_baixados_final_git/ruby/enc/trans/gb18030-tbl.rb
ruby,big5-hkscs-tbl.rb,/home/wagner/Documents/Projetos/projetos_baixados_final_git/ruby/enc/trans/big5-hkscs-tbl.rb
ruby,big5-uao-tbl.rb,/home/wagner/Documents/Projetos/projetos_baixados_final_git/ruby/enc/trans/big5-uao-tbl.rb
ruby,markdown.rb,/home/wagner/Documents/Projetos/projetos_baixados_final_git/ruby/lib/rdoc/markdown.rb
ruby,utf8_mac-tbl.rb,/home/wagner/Documents/Projetos/projetos_baixados_final_git/ruby/enc/trans/utf8_mac-tbl.rb
Semantic-UI,semantic.js,/home/wagner/Documents/Projetos/projetos_baixados_final_git/Semantic-UI/dist/semantic.js
ServiceStack,swagger-ui.js,/home/wagner/Documents/Projetos/projetos_baixados_final_git/ServiceStack/src/ServiceStack.Api.OpenApi/swagger-ui/swagger-ui.js
spark,RDD.scala,/home/wagner/Documents/Projetos/projetos_baixados_final_git/spark/core/src/main/scala/org/apache/spark/rdd/RDD.scala
sqlitebrowser,qcustomplot.cpp,/home/wagner/Documents/Projetos/projetos_baixados_final_git/sqlitebrowser/libs/qcustomplot-source/qcustomplot.cpp
syncthing,thetestpb_test.go,/home/wagner/Documents/Projetos/projetos_baixados_final_git/syncthing/vendor/github.com/gogo/protobuf/test/combos/both/thetestpb_test.go
syncthing,tables.go,/home/wagner/Documents/Projetos/projetos_baixados_final_git/syncthing/vendor/golang.org/x/text/language/display/tables.go
tensorflow,wrappers.go,/home/wagner/Documents/Projetos/projetos_baixados_final_git/tensorflow/tensorflow/go/op/wrappers.go
terraform,types.go,/home/wagner/Documents/Projetos/projetos_baixados_final_git/terraform/vendor/github.com/vmihailenco/msgpack/types.go
terraform,api.go,/home/wagner/Documents/Projetos/projetos_baixados_final_git/terraform/vendor/github.com/aws/aws-sdk-go/service/iam/api.go
terraform,tables.go,/home/wagner/Documents/Projetos/projetos_baixados_final_git/terraform/vendor/golang.org/x/text/encoding/simplifiedchinese/tables.go
tesseract,tesseractmain.cpp,/home/wagner/Documents/Projetos/projetos_baixados_final_git/tesseract/src/api/tesseractmain.cpp
tesseract,universalambigs.cpp,/home/wagner/Documents/Projetos/projetos_baixados_final_git/tesseract/ccutil/universalambigs.cpp
three.js,Three.js,/home/wagner/Documents/Projetos/projetos_baixados_final_git/three.js/src/Three.js
three.js,app.js,/home/wagner/Documents/Projetos/projetos_baixados_final_git/three.js/editor/js/libs/app.js
three.js,three.js,/home/wagner/Documents/Projetos/projetos_baixados_final_git/three.js/build/three.js
tidb,tables.go,/home/wagner/Documents/Projetos/projetos_baixados_final_git/tidb/_vendor/src/golang.org/x/text/encoding/simplifiedchinese/tables.go
tidb,scanner.go,/home/wagner/Documents/Projetos/projetos_baixados_final_git/tidb/_vendor/src/github.com/cznic/parser/yacc/scanner.go
traefik,api.go,/home/wagner/Documents/Projetos/projetos_baixados_final_git/traefik/vendor/github.com/aws/aws-sdk-go/service/ec2/api.go
v8,box2d.js,/home/wagner/Documents/Projetos/projetos_baixados_final_git/v8/test/mjsunit/asm/embenchen/box2d.js
v8,lua_binarytrees.js,/home/wagner/Documents/Projetos/projetos_baixados_final_git/v8/test/mjsunit/asm/embenchen/lua_binarytrees.js
v8,zlib.js,/home/wagner/Documents/Projetos/projetos_baixados_final_git/v8/test/mjsunit/asm/embenchen/zlib.js
v8,sqlite.js,/home/wagner/Documents/Projetos/projetos_baixados_final_git/v8/test/mjsunit/asm/sqlite3/sqlite.js
vim,eval.c,/home/wagner/Documents/Projetos/projetos_baixados_final_git/vim/src/eval.c
vscode,index.js,/home/wagner/Documents/Projetos/projetos_baixados_final_git/vscode/extensions/markdown-language-features/media/index.js
winjs,typescript.js,/home/wagner/Documents/Projetos/projetos_baixados_final_git/winjs/tools/dts-verifier/lib/typescript.js
